Assignee,Cody Rice-Velasquez,Files
Due,"@June 6, 2024","data:image/svg+xml;base64,PHN2ZyByb2xlPSJncmFwaGljcy1zeW1ib2wiIHZpZXdib3g9IjAgMCAxNiAxNiIgc3R5bGU9IndpZHRoOjE0cHg7aGVpZ2h0OjE0cHg7ZGlzcGxheTpibG9jaztmaWxsOnJnYmEoNTUsIDUzLCA0NywgMC40NSk7ZmxleC1zaHJpbms6MCIgY2xhc3M9InR5cGVzRGF0ZSI+PHBhdGggZD0iTTMuMjk2ODggMTQuNDU2MUgxMi43MDMxQzE0LjE3OTcgMTQuNDU2MSAxNC45NDUzIDEzLjY5MDQgMTQuOTQ1MyAxMi4yMzQ0VjMuOTE1MDRDMTQuOTQ1MyAyLjQ1MjE1IDE0LjE3OTcgMS42OTMzNiAxMi43MDMxIDEuNjkzMzZIMy4yOTY4OEMxLjgyMDMxIDEuNjkzMzYgMS4wNTQ2OSAyLjQ1MjE1IDEuMDU0NjkgMy45MTUwNFYxMi4yMzQ0QzEuMDU0NjkgMTMuNjk3MyAxLjgyMDMxIDE0LjQ1NjEgMy4yOTY4OCAxNC40NTYxWk0zLjI3NjM3IDEzLjExNjJDMi43MDg5OCAxMy4xMTYyIDIuMzk0NTMgMTIuODE1NCAyLjM5NDUzIDEyLjIyMDdWNS45MDQzQzIuMzk0NTMgNS4zMDI3MyAyLjcwODk4IDUuMDA4NzkgMy4yNzYzNyA1LjAwODc5SDEyLjcxQzEzLjI4NDIgNS4wMDg3OSAxMy42MDU1IDUuMzAyNzMgMTMuNjA1NSA1LjkwNDNWMTIuMjIwN0MxMy42MDU1IDEyLjgxNTQgMTMuMjg0MiAxMy4xMTYyIDEyLjcxIDEzLjExNjJIMy4yNzYzN1pNNi42ODA2NiA3LjM4MDg2SDcuMDgzOThDNy4zMzAwOCA3LjM4MDg2IDcuNDEyMTEgNy4zMDU2NiA3LjQxMjExIDcuMDU5NTdWNi42NjMwOUM3LjQxMjExIDYuNDE2OTkgNy4zMzAwOCA2LjM0MTggNy4wODM5OCA2LjM0MThINi42ODA2NkM2LjQ0MTQxIDYuMzQxOCA2LjM1OTM4IDYuNDE2OTkgNi4zNTkzOCA2LjY2MzA5VjcuMDU5NTdDNi4zNTkzOCA3LjMwNTY2IDYuNDQxNDEgNy4zODA4NiA2LjY4MDY2IDcuMzgwODZaTTguOTIyODUgNy4zODA4Nkg5LjMxOTM0QzkuNTY1NDMgNy4zODA4NiA5LjY0NzQ2IDcuMzA1NjYgOS42NDc0NiA3LjA1OTU3VjYuNjYzMDlDOS42NDc0NiA2LjQxNjk5IDkuNTY1NDMgNi4zNDE4IDkuMzE5MzQgNi4zNDE4SDguOTIyODVDOC42NzY3NiA2LjM0MTggOC41OTQ3MyA2LjQxNjk5IDguNTk0NzMgNi42NjMwOVY3LjA1OTU3QzguNTk0NzMgNy4zMDU2NiA4LjY3Njc2IDcuMzgwODYgOC45MjI4NSA3LjM4MDg2Wk0xMS4xNTgyIDcuMzgwODZIMTEuNTU0N0MxMS44MDA4IDcuMzgwODYgMTEuODgyOCA3LjMwNTY2IDExLjg4MjggNy4wNTk1N1Y2LjY2MzA5QzExLjg4MjggNi40MTY5OSAxMS44MDA4IDYuMzQxOCAxMS41NTQ3IDYuMzQxOEgxMS4xNTgyQzEwLjkxMjEgNi4zNDE4IDEwLjgzMDEgNi40MTY5OSAxMC44MzAxIDYuNjYzMDlWNy4wNTk1N0MxMC44MzAxIDcuMzA1NjYgMTAuOTEyMSA3LjM4MDg2IDExLjE1ODIgNy4zODA4NlpNNC40NDUzMSA5LjU4MjAzSDQuODQ4NjNDNS4wOTQ3MyA5LjU4MjAzIDUuMTc2NzYgOS41MDY4NCA1LjE3Njc2IDkuMjYwNzRWOC44NjQyNkM1LjE3Njc2IDguNjE4MTYgNS4wOTQ3MyA4LjU0Mjk3IDQuODQ4NjMgOC41NDI5N0g0LjQ0NTMxQzQuMjA2MDUgOC41NDI5NyA0LjEyNDAyIDguNjE4MTYgNC4xMjQwMiA4Ljg2NDI2VjkuMjYwNzRDNC4xMjQwMiA5LjUwNjg0IDQuMjA2MDUgOS41ODIwMyA0LjQ0NTMxIDkuNTgyMDNaTTYuNjgwNjYgOS41ODIwM0g3LjA4Mzk4QzcuMzMwMDggOS41ODIwMyA3LjQxMjExIDkuNTA2ODQgNy40MTIxMSA5LjI2MDc0VjguODY0MjZDNy40MTIxMSA4LjYxODE2IDcuMzMwMDggOC41NDI5NyA3LjA4Mzk4IDguNTQyOTdINi42ODA2NkM2LjQ0MTQxIDguNTQyOTcgNi4zNTkzOCA4LjYxODE2IDYuMzU5MzggOC44NjQyNlY5LjI2MDc0QzYuMzU5MzggOS41MDY4NCA2LjQ0MTQxIDkuNTgyMDMgNi42ODA2NiA5LjU4MjAzWk04LjkyMjg1IDkuNTgyMDNIOS4zMTkzNEM5LjU2NTQzIDkuNTgyMDMgOS42NDc0NiA5LjUwNjg0IDkuNjQ3NDYgOS4yNjA3NFY4Ljg2NDI2QzkuNjQ3NDYgOC42MTgxNiA5LjU2NTQzIDguNTQyOTcgOS4zMTkzNCA4LjU0Mjk3SDguOTIyODVDOC42NzY3NiA4LjU0Mjk3IDguNTk0NzMgOC42MTgxNiA4LjU5NDczIDguODY0MjZWOS4yNjA3NEM4LjU5NDczIDkuNTA2ODQgOC42NzY3NiA5LjU4MjAzIDguOTIyODUgOS41ODIwM1pNMTEuMTU4MiA5LjU4MjAzSDExLjU1NDdDMTEuODAwOCA5LjU4MjAzIDExLjg4MjggOS41MDY4NCAxMS44ODI4IDkuMjYwNzRWOC44NjQyNkMxMS44ODI4IDguNjE4MTYgMTEuODAwOCA4LjU0Mjk3IDExLjU1NDcgOC41NDI5N0gxMS4xNTgyQzEwLjkxMjEgOC41NDI5NyAxMC44MzAxIDguNjE4MTYgMTAuODMwMSA4Ljg2NDI2VjkuMjYwNzRDMTAuODMwMSA5LjUwNjg0IDEwLjkxMjEgOS41ODIwMyAxMS4xNTgyIDkuNTgyMDNaTTQuNDQ1MzEgMTEuNzgzMkg0Ljg0ODYzQzUuMDk0NzMgMTEuNzgzMiA1LjE3Njc2IDExLjcwOCA1LjE3Njc2IDExLjQ2MTlWMTEuMDY1NEM1LjE3Njc2IDEwLjgxOTMgNS4wOTQ3MyAxMC43NDQxIDQuODQ4NjMgMTAuNzQ0MUg0LjQ0NTMxQzQuMjA2MDUgMTAuNzQ0MSA0LjEyNDAyIDEwLjgxOTMgNC4xMjQwMiAxMS4wNjU0VjExLjQ2MTlDNC4xMjQwMiAxMS43MDggNC4yMDYwNSAxMS43ODMyIDQuNDQ1MzEgMTEuNzgzMlpNNi42ODA2NiAxMS43ODMySDcuMDgzOThDNy4zMzAwOCAxMS43ODMyIDcuNDEyMTEgMTEuNzA4IDcuNDEyMTEgMTEuNDYxOVYxMS4wNjU0QzcuNDEyMTEgMTAuODE5MyA3LjMzMDA4IDEwLjc0NDEgNy4wODM5OCAxMC43NDQxSDYuNjgwNjZDNi40NDE0MSAxMC43NDQxIDYuMzU5MzggMTAuODE5MyA2LjM1OTM4IDExLjA2NTRWMTEuNDYxOUM2LjM1OTM4IDExLjcwOCA2LjQ0MTQxIDExLjc4MzIgNi42ODA2NiAxMS43ODMyWk04LjkyMjg1IDExLjc4MzJIOS4zMTkzNEM5LjU2NTQzIDExLjc4MzIgOS42NDc0NiAxMS43MDggOS42NDc0NiAxMS40NjE5VjExLjA2NTRDOS42NDc0NiAxMC44MTkzIDkuNTY1NDMgMTAuNzQ0MSA5LjMxOTM0IDEwLjc0NDFIOC45MjI4NUM4LjY3Njc2IDEwLjc0NDEgOC41OTQ3MyAxMC44MTkzIDguNTk0NzMgMTEuMDY1NFYxMS40NjE5QzguNTk0NzMgMTEuNzA4IDguNjc2NzYgMTEuNzgzMiA4LjkyMjg1IDExLjc4MzJaIiAvPjwvc3ZnPg=="
Status,✅ Done,"data:image/svg+xml;base64,PHN2ZyByb2xlPSJncmFwaGljcy1zeW1ib2wiIHZpZXdib3g9IjAgMCAxNiAxNiIgc3R5bGU9IndpZHRoOjE0cHg7aGVpZ2h0OjE0cHg7ZGlzcGxheTpibG9jaztmaWxsOnJnYmEoNTUsIDUzLCA0NywgMC40NSk7ZmxleC1zaHJpbms6MCIgY2xhc3M9InR5cGVzU3RhdHVzIj48cGF0aCBkPSJNOC43NTQ4OCAxLjAyMzQ0QzguNzU0ODggMC42MTMyODEgOC40MTMwOSAwLjI2NDY0OCA4LjAwMjkzIDAuMjY0NjQ4QzcuNTkyNzcgMC4yNjQ2NDggNy4yNTA5OCAwLjYxMzI4MSA3LjI1MDk4IDEuMDIzNDRWMy4xMTUyM0M3LjI1MDk4IDMuNTE4NTUgNy41OTI3NyAzLjg2NzE5IDguMDAyOTMgMy44NjcxOUM4LjQxMzA5IDMuODY3MTkgOC43NTQ4OCAzLjUxODU1IDguNzU0ODggMy4xMTUyM1YxLjAyMzQ0Wk0zLjkxNTA0IDUuMDI5M0M0LjIwMjE1IDUuMzE2NDEgNC42OTQzNCA1LjMyMzI0IDQuOTc0NjEgNS4wMzYxM0M1LjI2ODU1IDQuNzQ5MDIgNS4yNjg1NSA0LjI1Njg0IDQuOTgxNDUgMy45Njk3M0wzLjUzOTA2IDIuNTIwNTFDMy4yNTE5NSAyLjIzMzQgMi43NjY2IDIuMjE5NzMgMi40Nzk0OSAyLjUwNjg0QzIuMTkyMzggMi43OTM5NSAyLjE4NTU1IDMuMjg2MTMgMi40NzI2NiAzLjU3MzI0TDMuOTE1MDQgNS4wMjkzWk0xMC45NjI5IDQuMDE3NThDMTAuNjgyNiA0LjMwNDY5IDEwLjY4MjYgNC43OTY4OCAxMC45Njk3IDUuMDgzOThDMTEuMjU2OCA1LjM3MTA5IDExLjc0OSA1LjM2NDI2IDEyLjAzNjEgNS4wNzcxNUwxMy40ODU0IDMuNjI3OTNDMTMuNzcyNSAzLjM0MDgyIDEzLjc3MjUgMi44NDg2MyAxMy40Nzg1IDIuNTU0NjlDMTMuMTk4MiAyLjI3NDQxIDEyLjcwNjEgMi4yNzQ0MSAxMi40MTg5IDIuNTYxNTJMMTAuOTYyOSA0LjAxNzU4Wk0xNS4wMjM0IDguNzg5MDZDMTUuNDMzNiA4Ljc4OTA2IDE1Ljc4MjIgOC40NDcyNyAxNS43ODIyIDguMDM3MTFDMTUuNzgyMiA3LjYyNjk1IDE1LjQzMzYgNy4yODUxNiAxNS4wMjM0IDcuMjg1MTZIMTIuOTM4NUMxMi41MjgzIDcuMjg1MTYgMTIuMTc5NyA3LjYyNjk1IDEyLjE3OTcgOC4wMzcxMUMxMi4xNzk3IDguNDQ3MjcgMTIuNTI4MyA4Ljc4OTA2IDEyLjkzODUgOC43ODkwNkgxNS4wMjM0Wk0wLjk3NTU4NiA3LjI4NTE2QzAuNTY1NDMgNy4yODUxNiAwLjIyMzYzMyA3LjYyNjk1IDAuMjIzNjMzIDguMDM3MTFDMC4yMjM2MzMgOC40NDcyNyAwLjU2NTQzIDguNzg5MDYgMC45NzU1ODYgOC43ODkwNkgzLjA3NDIyQzMuNDg0MzggOC43ODkwNiAzLjgzMzAxIDguNDQ3MjcgMy44MzMwMSA4LjAzNzExQzMuODMzMDEgNy42MjY5NSAzLjQ4NDM4IDcuMjg1MTYgMy4wNzQyMiA3LjI4NTE2SDAuOTc1NTg2Wk0xMi4wMzYxIDEwLjk5MDJDMTEuNzQ5IDEwLjcxIDExLjI1NjggMTAuNzEgMTAuOTYyOSAxMC45OTcxQzEwLjY4MjYgMTEuMjg0MiAxMC42ODI2IDExLjc3NjQgMTAuOTY5NyAxMi4wNjM1TDEyLjQyNTggMTMuNTEyN0MxMi43MTI5IDEzLjc5OTggMTMuMjA1MSAxMy43OTMgMTMuNDkyMiAxMy41MDU5QzEzLjc3OTMgMTMuMjI1NiAxMy43NzI1IDEyLjcyNjYgMTMuNDg1NCAxMi40Mzk1TDEyLjAzNjEgMTAuOTkwMlpNMi41MjA1MSAxMi40Mzk1QzIuMjI2NTYgMTIuNzI2NiAyLjIyNjU2IDEzLjIxODggMi41MDY4NCAxMy41MDU5QzIuNzkzOTUgMTMuNzkzIDMuMjg2MTMgMTMuNzk5OCAzLjU3MzI0IDEzLjUxMjdMNS4wMjI0NiAxMi4wNzAzQzUuMzE2NDEgMTEuNzgzMiA1LjMxNjQxIDExLjI5MSA1LjAzNjEzIDExLjAwMzlDNC43NDkwMiAxMC43MTY4IDQuMjU2ODQgMTAuNzEgMy45Njk3MyAxMC45OTcxTDIuNTIwNTEgMTIuNDM5NVpNOC43NTQ4OCAxMi45NjU4QzguNzU0ODggMTIuNTU1NyA4LjQxMzA5IDEyLjIwNyA4LjAwMjkzIDEyLjIwN0M3LjU5Mjc3IDEyLjIwNyA3LjI1MDk4IDEyLjU1NTcgNy4yNTA5OCAxMi45NjU4VjE1LjA1NzZDNy4yNTA5OCAxNS40NjA5IDcuNTkyNzcgMTUuODA5NiA4LjAwMjkzIDE1LjgwOTZDOC40MTMwOSAxNS44MDk2IDguNzU0ODggMTUuNDYwOSA4Ljc1NDg4IDE1LjA1NzZWMTIuOTY1OFoiIC8+PC9zdmc+"
Value,2,https://www.notion.so/icons/star_gray.svg
5 minutes,,"data:image/svg+xml;base64,PHN2ZyByb2xlPSJncmFwaGljcy1zeW1ib2wiIHZpZXdib3g9IjAgMCAxNiAxNiIgc3R5bGU9IndpZHRoOjE0cHg7aGVpZ2h0OjE0cHg7ZGlzcGxheTpibG9jaztmaWxsOnJnYmEoNTUsIDUzLCA0NywgMC40NSk7ZmxleC1zaHJpbms6MCIgY2xhc3M9InR5cGVzRm9ybXVsYSI+PHBhdGggZD0iTTUuMDQ2ODggMTQuMzYwNEgxMS4yNzQ0QzExLjczMjQgMTQuMzYwNCAxMi4wNTM3IDE0LjA4MDEgMTIuMDUzNyAxMy42NDk0QzEyLjA1MzcgMTMuMjExOSAxMS43MzI0IDEyLjkyNDggMTEuMjc0NCAxMi45MjQ4SDUuODE5MzRWMTIuODU2NEw5LjMwNTY2IDguODIzMjRDOS41NDQ5MiA4LjU3MDMxIDkuNjc0OCA4LjI5Njg4IDkuNjc0OCA4LjAxNjZDOS42NzQ4IDcuNzM2MzMgOS41NDQ5MiA3LjQ1NjA1IDkuMjk4ODMgNy4yMDk5Nkw1LjgxOTM0IDMuMjc5M1YzLjIxMDk0SDExLjI4MTJDMTEuNzM5MyAzLjIxMDk0IDEyLjA1MzcgMi45MjM4MyAxMi4wNTM3IDIuNDg2MzNDMTIuMDUzNyAyLjA1NTY2IDExLjczOTMgMS43NzUzOSAxMS4yODEyIDEuNzc1MzlINS4wNTM3MUM0LjM0Mjc3IDEuNzc1MzkgMy45NTMxMiAyLjI2NzU4IDMuOTUzMTIgMi44MTQ0NUMzLjk1MzEyIDMuMTIyMDcgNC4wNzYxNyAzLjQ0MzM2IDQuMzM1OTQgMy42OTYyOUw4LjE1MDM5IDcuOTY4NzVWOC4wNTA3OEw0LjMyOTEgMTIuNDM5NUM0LjA2OTM0IDEyLjY5MjQgMy45NDYyOSAxMy4wMTM3IDMuOTQ2MjkgMTMuMzIxM0MzLjk0NjI5IDEzLjg2ODIgNC4zMzU5NCAxNC4zNjA0IDUuMDQ2ODggMTQuMzYwNFoiIC8+PC9zdmc+"
Task ID,8,"data:image/svg+xml;base64,PHN2ZyByb2xlPSJncmFwaGljcy1zeW1ib2wiIHZpZXdib3g9IjAgMCAxNiAxNiIgc3R5bGU9IndpZHRoOjE0cHg7aGVpZ2h0OjE0cHg7ZGlzcGxheTpibG9jaztmaWxsOnJnYmEoNTUsIDUzLCA0NywgMC40NSk7ZmxleC1zaHJpbms6MCIgY2xhc3M9InR5cGVzSWQiPjxwYXRoIGQ9Ik0xMi4yNTIgNy45MjA5QzEzLjcyMTcgNy45MjA5IDE0LjcyNjYgNi45MzY1MiAxNC43MjY2IDUuNTA3ODFDMTQuNzI2NiA0LjA3OTEgMTMuNzIxNyAzLjEwMTU2IDEyLjI1MiAzLjEwMTU2QzEwLjgyMzIgMy4xMDE1NiA5Ljg0NTcgNC4wNzkxIDkuODQ1NyA1LjUwNzgxQzkuODQ1NyA2LjkzNjUyIDEwLjgzMDEgNy45MjA5IDEyLjI1MiA3LjkyMDlaTTIuMDA0ODggMTMuMTM2N0MyLjQ1NjA1IDEzLjEzNjcgMi43Mjk0OSAxMi44NDk2IDIuNzI5NDkgMTIuMzg0OFY1LjgzNTk0TDcuMzUwNTkgMTIuNTk2N0M3LjYzNzcgMTIuOTkzMiA3Ljg2MzI4IDEzLjEzNjcgOC4yMDUwOCAxMy4xMzY3QzguNjkwNDMgMTMuMTM2NyA4Ljk2Mzg3IDEyLjgzNTkgOC45NjM4NyAxMi4zMjMyVjMuODg3N0M4Ljk2Mzg3IDMuNDIyODUgOC42OTA0MyAzLjEyODkxIDguMjMyNDIgMy4xMjg5MUM3Ljc4ODA5IDMuMTI4OTEgNy41MDc4MSAzLjQxNjAyIDcuNTA3ODEgMy44ODc3VjEwLjQyMjlMMi44OTM1NSAzLjY2ODk1QzIuNjA2NDUgMy4yNTg3OSAyLjQwMTM3IDMuMTI4OTEgMi4wMzkwNiAzLjEyODkxQzEuNTY3MzggMy4xMjg5MSAxLjI3MzQ0IDMuNDUwMiAxLjI3MzQ0IDMuOTQyMzhWMTIuMzg0OEMxLjI3MzQ0IDEyLjg0OTYgMS41NTM3MSAxMy4xMzY3IDIuMDA0ODggMTMuMTM2N1pNMTIuMjUyIDYuODQ3NjZDMTEuNTYxNSA2Ljg0NzY2IDExLjA4OTggNi4zMDc2MiAxMS4wODk4IDUuNTA3ODFDMTEuMDg5OCA0LjcwODAxIDExLjU2MTUgNC4xNjc5NyAxMi4yNTIgNC4xNjc5N0MxMi45OTAyIDQuMTY3OTcgMTMuNDc1NiA0LjcwODAxIDEzLjQ3NTYgNS41MDc4MUMxMy40NzU2IDYuMzA3NjIgMTIuOTgzNCA2Ljg0NzY2IDEyLjI1MiA2Ljg0NzY2Wk0xMC42MjUgOS43NzM0NEgxMy45NTQxQzE0LjM1MDYgOS43NzM0NCAxNC42MjQgOS41NDEwMiAxNC42MjQgOS4xNDQ1M0MxNC42MjQgOC43NDgwNSAxNC4zNTA2IDguNTAxOTUgMTMuOTU0MSA4LjUwMTk1SDEwLjYyNUMxMC4yMjg1IDguNTAxOTUgOS45NjE5MSA4Ljc0ODA1IDkuOTYxOTEgOS4xNDQ1M0M5Ljk2MTkxIDkuNTQxMDIgMTAuMjI4NSA5Ljc3MzQ0IDEwLjYyNSA5Ljc3MzQ0WiIgLz48L3N2Zz4="
Priority,Low,"data:image/svg+xml;base64,PHN2ZyByb2xlPSJncmFwaGljcy1zeW1ib2wiIHZpZXdib3g9IjAgMCAxNiAxNiIgc3R5bGU9IndpZHRoOjE0cHg7aGVpZ2h0OjE0cHg7ZGlzcGxheTpibG9jaztmaWxsOnJnYmEoNTUsIDUzLCA0NywgMC40NSk7ZmxleC1zaHJpbms6MCIgY2xhc3M9InR5cGVzU2VsZWN0Ij48cGF0aCBkPSJNOCAxNS4xMjZDMTEuODYyMyAxNS4xMjYgMTUuMDYxNSAxMS45MzM2IDE1LjA2MTUgOC4wNjQ0NUMxNS4wNjE1IDQuMjAyMTUgMTEuODYyMyAxLjAwMjkzIDcuOTkzMTYgMS4wMDI5M0M0LjEzMDg2IDEuMDAyOTMgMC45Mzg0NzcgNC4yMDIxNSAwLjkzODQ3NyA4LjA2NDQ1QzAuOTM4NDc3IDExLjkzMzYgNC4xMzc3IDE1LjEyNiA4IDE1LjEyNlpNOCAxMy43MzgzQzQuODU1NDcgMTMuNzM4MyAyLjMzMzAxIDExLjIwOSAyLjMzMzAxIDguMDY0NDVDMi4zMzMwMSA0LjkxOTkyIDQuODQ4NjMgMi4zOTc0NiA3Ljk5MzE2IDIuMzk3NDZDMTEuMTM3NyAyLjM5NzQ2IDEzLjY3MzggNC45MTk5MiAxMy42NzM4IDguMDY0NDVDMTMuNjczOCAxMS4yMDkgMTEuMTQ0NSAxMy43MzgzIDggMTMuNzM4M1pNNy42MjQwMiAxMC42MzQ4QzcuNzk0OTIgMTAuOTE1IDguMjA1MDggMTAuOTI4NyA4LjM3NTk4IDEwLjYzNDhMMTAuNjY2IDYuNzMxNDVDMTAuODU3NCA2LjQxMDE2IDEwLjcwMDIgNi4wNDEwMiAxMC4zNjUyIDYuMDQxMDJINS42Mjc5M0M1LjI5Mjk3IDYuMDQxMDIgNS4xNDk0MSA2LjQzMDY2IDUuMzIwMzEgNi43MzE0NUw3LjYyNDAyIDEwLjYzNDhaIiAvPjwvc3ZnPg=="
Project,Untitled (https://www.notion.so/d408931c16cb405d90909d7cfb6d0428?pvs=21),https://www.notion.so/icons/target_gray.svg
Created time,"@June 6, 2024 1:17 PM","data:image/svg+xml;base64,PHN2ZyByb2xlPSJncmFwaGljcy1zeW1ib2wiIHZpZXdib3g9IjAgMCAxNiAxNiIgc3R5bGU9IndpZHRoOjE0cHg7aGVpZ2h0OjE0cHg7ZGlzcGxheTpibG9jaztmaWxsOnJnYmEoNTUsIDUzLCA0NywgMC40NSk7ZmxleC1zaHJpbms6MCIgY2xhc3M9InR5cGVzQ3JlYXRlZEF0Ij48cGF0aCBkPSJNOCAxNS4xMjZDMTEuODYyMyAxNS4xMjYgMTUuMDYxNSAxMS45MzM2IDE1LjA2MTUgOC4wNjQ0NUMxNS4wNjE1IDQuMjAyMTUgMTEuODYyMyAxLjAwMjkzIDcuOTkzMTYgMS4wMDI5M0M0LjEzMDg2IDEuMDAyOTMgMC45Mzg0NzcgNC4yMDIxNSAwLjkzODQ3NyA4LjA2NDQ1QzAuOTM4NDc3IDExLjkzMzYgNC4xMzc3IDE1LjEyNiA4IDE1LjEyNlpNOCAxMy43MzgzQzQuODU1NDcgMTMuNzM4MyAyLjMzMzAxIDExLjIwOSAyLjMzMzAxIDguMDY0NDVDMi4zMzMwMSA0LjkxOTkyIDQuODQ4NjMgMi4zOTc0NiA3Ljk5MzE2IDIuMzk3NDZDMTEuMTM3NyAyLjM5NzQ2IDEzLjY3MzggNC45MTk5MiAxMy42NzM4IDguMDY0NDVDMTMuNjczOCAxMS4yMDkgMTEuMTQ0NSAxMy43MzgzIDggMTMuNzM4M1pNNC41NDEwMiA4LjkxMjExSDcuOTkzMTZDOC4zMDA3OCA4LjkxMjExIDguNTQwMDQgOC42NzI4NSA4LjU0MDA0IDguMzcyMDdWMy44ODc3QzguNTQwMDQgMy41ODY5MSA4LjMwMDc4IDMuMzQ3NjYgNy45OTMxNiAzLjM0NzY2QzcuNjkyMzggMy4zNDc2NiA3LjQ1MzEyIDMuNTg2OTEgNy40NTMxMiAzLjg4NzdWNy44MzIwM0g0LjU0MTAyQzQuMjMzNCA3LjgzMjAzIDQuMDAwOTggOC4wNjQ0NSA0LjAwMDk4IDguMzcyMDdDNC4wMDA5OCA4LjY3Mjg1IDQuMjMzNCA4LjkxMjExIDQuNTQxMDIgOC45MTIxMVoiIC8+PC9zdmc+"